target,barcode,sequence
Unmodified,A,TTCGCGCGTAACGACGTACCGT
Unmodified,B,CGCGATACGACCGCGTTACGCG
H3K4me1,A,CGACGTTAACGCGTTTCGTACG
H3K4me1,B,CGCGACTATCGCGCGTAACGCG
H3K4me2,A,CCGTACGTCGTGTCGAACGACG
H3K4me2,B,CGATACGCGTTGGTACGCGTAA
H3K4me3,A,TAGTTCGCGACACCGTTCGTCG
H3K4me3,B,TCGACGCGTAAACGGTACGTCG
H3K9me1,A,TTATCGCGTCGCGACGGACGTA
H3K9me1,B,CGATCGTACGATAGCGTACCGA
H3K9me2,A,CGCATATCGCGTCGTACGACCG
H3K9me2,B,ACGTTCGACCGCGGTCGTACGA
H3K9me3,A,ACGATTCGACGATCGTCGACGA
H3K9me3,B,CGATAGTCGCGTCGCACGATCG
H3K27me1,A,CGCCGATTACGTGTCGCGCGTA
H3K27me1,B,ATCGTACCGCGCGTATCGGTCG
H3K27me2,A,CGTTCGAACGTTCGTCGACGAT
H3K27me2,B,TCGCGATTACGATGTCGCGCGA
H3K27me3,A,ACGCGAATCGTCGACGCGTATA
H3K27me3,B,CGCGATATCACTCGACGCGATA
H3K36me1,A,CGCGAAATTCGTATACGCGTCG
H3K36me1,B,CGCGATCGGTATCGGTACGCGC
H3K36me2,A,GTGATATCGCGTTAACGTCGCG
H3K36me2,B,TATCGCGCGAAACGACCGTTCG
H3K36me3,A,CCGCGCGTAATGCGCGACGTTA
H3K36me3,B,CCGCGATACGACTCGTTCGTCG
H4K20me1,A,GTCGCGAACTATCGTCGATTCG
H4K20me1,B,CCGCGCGTATAGTCCGAGCGTA
H4K20me2,A,CGATACGCCGATCGATCGTCGG
H4K20me2,B,CCGCGCGATAAGACGCGTAACG
H4K20me3,A,CGATTCGACGGTCGCGACCGTA
H4K20me3,B,TTTCGACGCGTCGATTCGGCGA